[{
   "id": 1,
   "first_name": "Michelle",
   "last_name": "Avery",
   "gender": "Female",
   "address": "346 Cedar Ave.",
   "city": "Dallas",
   "state": "Texas"
},
{
    "id": 2,
    "first_name": "Ward",
    "last_name": "Bell",
    "gender": "Male",
    "address": "12 Ocean View St.",
    "city": "Dallas",
    "state": "Texas"
 },
 {
    "id": 3,
    "first_name": "Robin",
    "last_name": "Cleark",
    "gender": "Female",
    "address":"35632 Richmond Circle Apt B.",
    "city": "Los Angeles",
    "state": "California"
 },
 {
    "id": 4,
    "first_name": "Pinal",
    "last_name": "Dave",
    "gender": "Male",
    "address": "235235 Yaz Blvd.",
    "city": "Houston",
    "state": "Texas"
 },
 {
    "id": 5,
    "first_name": "Albert",
    "last_name": "Einstein",
    "gender": "Male",
    "address": "1 Atomic State.",
    "city": "Seattle",
    "state": "Washington"
 },
 {
    "id": 6,
    "first_name": "Robyn",
    "last_name": "Flores",
    "gender": "Female",
    "address": "5687534 Jefferson way.",
    "city": "Buffalo",
    "state": "New York"
 }
]